File,Line,Score,Prediction,Label,Source
../src/good.cpp,20,-0.6123008044649338,-0.6123008044649338,0,
../src/good.cpp,29,-0.6098182433481589,-0.6098182433481589,1,
