File,Line,Score,Prediction,Label,Source
//usr/lib/gcc/x86_64-linux-gnu/9/../../../../include/c++/9/iostream,74,-0.6235587634060803,-0.6235587634060803,0,
//usr/lib/gcc/x86_64-linux-gnu/9/../../../../include/c++/9/iostream,74,-0.625549852389718,-0.625549852389718,0,
../src/good.cpp,23,-0.631566394259765,-0.631566394259765,0,
../src/good.cpp,8,-0.634929803628918,-0.634929803628918,0,
../src/good.cpp,12,-0.6472991442477911,-0.6472991442477911,1,
../src/good.cpp,25,-0.6486625190973179,-0.6486625190973179,0,
